id,current_age,retirement_age,birth_year,birth_month,gender,address,latitude,longitude,per_capita_income,yearly_income,total_debt,credit_score,num_credit_cards
825,53,66,1966,11,Female,462 Rose Lane,34.15,-117.76,$29278,$59696,$127613,787,5
1746,53,68,1966,12,Female,3606 Federal Boulevard,40.76,-73.74,$37891,$77254,$191349,701,5
1718,81,67,1938,11,Female,766 Third Drive,34.02,-117.89,$22681,$33483,$196,698,5
708,63,63,1957,1,Female,3 Madison Street,40.71,-73.99,$163145,$249925,$202328,722,4
1164,43,70,1976,9,Male,9620 Valley Stream Drive,37.76,-122.44,$53797,$109687,$183855,675,1
68,42,70,1977,10,Male,58 Birch Lane,41.55,-90.6,$20599,$41997,$0,704,3
1075,36,67,1983,12,Female,5695 Fifth Street,38.22,-85.74,$25258,$51500,$102286,672,3
1711,26,67,1993,12,Male,1941 Ninth Street,45.51,-122.64,$26790,$54623,$114711,728,1
1116,81,66,1938,7,Female,11 Spruce Avenue,40.32,-75.32,$26273,$42509,$2895,755,5
1752,34,60,1986,1,Female,887 Grant Street,29.97,-92.12,$18730,$38190,$81262,810,1
192,27,66,1992,6,Male,888 Fifth Lane,38.65,-121.25,$27548,$56164,$15224,761,2
640,29,63,1990,9,Female,8677 Littlewood Lane,40.42,-104.74,$22427,$45727,$94016,629,1
1679,18,67,2002,1,Female,829 Fourth Boulevard,41.76,-71.48,$33914,$69149,$89214,776,1
1094,34,62,1985,10,Male,74786 Jefferson Drive,44.75,-85.6,$20325,$41442,$78833,712,3
1590,48,62,1971,5,Female,781 East Street,29.45,-98.5,$10059,$20513,$32509,599,1
1660,41,68,1978,4,Female,40 Washington Drive,36.73,-102.51,$11342,$23123,$5079,723,6
1747,54,71,1966,1,Male,3994 Hillside Drive,32.15,-94.79,$17898,$36497,$38333,719,6
153,76,71,1943,8,Female,172 Birch Street,35.29,-111.32,$21950,$27484,$16803,660,4
429,22,68,1997,11,Male,8145 Spruce Boulevard,35.19,-80.83,$26481,$53995,$89056,683,3
511,66,68,1953,10,Male,153 Tenth Lane,32.21,-110.88,$17460,$35602,$55369,661,5
309,28,57,1991,8,Male,2473 Lake Avenue,32.07,-82.91,$12321,$25122,$43205,819,3
777,18,65,2002,1,Male,970 Essex Drive,37.37,-122.21,$106305,$216740,$0,700,2
1946,76,66,1943,6,Male,9186 Washington Avenue,41.47,-81.67,$19524,$41109,$21486,698,2
1674,70,64,1949,4,Male,5073 Wessex Avenue,35.49,-90.35,$14172,$26858,$11245,712,2
482,45,65,1975,1,Male,195 Eighth Boulevard,42.39,-122.93,$17131,$34929,$63849,714,1
877,36,63,1983,8,Female,801 Mill Boulevard,33.44,-111.85,$16829,$34317,$61826,610,3
128,40,66,1979,4,Female,6914 Wessex Avenue,29.76,-95.38,$15389,$31377,$59615,722,2
775,37,58,1982,9,Male,776 Norfolk Boulevard,34.17,-118.46,$21402,$43638,$104052,627,1
1536,41,67,1978,11,Male,2015 Bayview Avenue,36.15,-85.5,$15955,$32531,$38260,766,2
140,37,72,1983,2,Female,108 Washington Street,36.28,-86.83,$20657,$42120,$72801,739,4
1884,18,64,2001,5,Male,660 Seventh Drive,39.98,-82.98,$28092,$57281,$89114,850,1
1874,49,66,1970,9,Male,7505 Tenth Boulevard,25.77,-80.2,$18828,$38390,$87923,783,4
1310,33,69,1986,9,Female,4930 Birch Drive,33.92,-78.02,$17498,$35670,$58182,751,2
1689,21,66,1998,9,Female,93 Plum Lane,41.29,-72.36,$30281,$61746,$154817,637,2
379,47,65,1972,11,Female,837 Lincoln Avenue,30.68,-88.04,$21331,$43496,$114563,765,3
34,41,55,1978,8,Male,7467 Spruce Drive,38.48,-121.34,$25431,$51854,$72162,737,2
822,51,68,1968,4,Female,6323 Sussex Boulevard,32.61,-117.03,$16942,$34540,$22641,793,5
1499,46,62,1973,11,Male,8738 Fourth Street,41.97,-88.14,$20248,$41287,$88151,662,1
1780,46,70,1973,10,Male,9344 Mill Drive,36.62,-121.82,$18663,$38054,$63293,666,1
1806,59,62,1961,2,Female,299 11th Street,42.31,-71.64,$39418,$80371,$108499,822,1
811,91,68,1929,2,Female,5492 Maple Drive,38.9,-94.68,$51642,$84694,$2149,741,7
1844,79,72,1941,2,Male,829 Birch Boulevard,27.8,-97.39,$23608,$37503,$14272,706,5
1852,57,75,1962,12,Male,41011 Seventh Boulevard,33.27,-111.94,$32056,$65357,$21844,685,4
1231,26,52,1994,1,Female,613 Little Creek Lane,26.41,-81.42,$10819,$22066,$38967,842,1
970,42,66,1977,11,Male,1942 Rose Avenue,29.1,-81.0,$21916,$44681,$42011,770,3
381,26,69,1994,2,Male,5101 Birch Lane,38.72,-90.47,$25163,$51306,$68198,675,1
1134,18,59,2002,2,Female,7 11th Drive,29.45,-98.5,$12677,$25847,$46379,568,1
1296,60,64,1959,11,Female,2468 Spruce Drive,28.7,-81.34,$22896,$46683,$93126,788,5
1880,61,66,1958,11,Male,8001 Essex Boulevard,43.06,-87.96,$15487,$31579,$52419,771,3
322,47,65,1972,10,Male,708 George Street,31.22,-84.21,$13759,$28055,$12475,829,3
461,42,68,1977,12,Female,28 Hillside Boulevard,42.3,-83.48,$32078,$65403,$80057,784,4
1165,55,73,1964,11,Female,446 Birch Drive,36.37,-84.12,$13522,$27572,$59404,797,1
1448,48,70,1971,12,Female,578 Maple Avenue,35.05,-82.09,$18899,$38539,$0,850,3
1288,41,57,1978,7,Female,14 Valley Drive,38.47,-81.81,$18666,$38059,$68220,634,2
1178,59,68,1960,11,Female,2475 Little Creek Boulevard,30.56,-97.86,$25872,$52754,$38191,693,5
1391,45,59,1975,2,Male,9604 Catherine Drive,40.72,-73.86,$25109,$51196,$67164,631,4
838,26,70,1993,7,Male,349 First Drive,33.78,-84.44,$24382,$49713,$91776,763,1
54,21,68,1998,4,Female,7914 Essex Boulevard,41.66,-83.58,$21660,$44160,$134173,696,3
1452,46,59,1973,5,Female,524 Ocean Drive,29.76,-95.38,$95039,$193773,$241571,660,1
1602,41,66,1979,2,Female,2079 Maple Drive,40.38,-77.88,$14650,$29864,$44902,717,2
1938,22,67,1997,7,Male,295 Valley Drive,29.45,-98.5,$28135,$57367,$115418,795,2
1492,63,58,1957,2,Female,2883 Ocean View Boulevard,47.32,-121.99,$32697,$56635,$13015,786,8
688,44,67,1975,3,Male,5125 Elm Drive,41.31,-111.96,$23165,$47227,$151030,760,4
749,22,68,1997,10,Male,4098 Park Drive,32.75,-97.33,$12051,$24574,$80667,674,3
643,29,65,1991,1,Female,892 Spruce Street,40.69,-73.75,$21283,$43397,$42168,697,2
1219,28,72,1991,6,Female,9977 Oak Avenue,38.68,-76.17,$28497,$58105,$70254,688,3
1198,82,67,1937,6,Male,79 South Boulevard,29.5,-97.44,$15092,$10869,$1820,820,2
898,90,66,1929,6,Female,145 River Drive,40.59,-75.47,$12427,$19893,$1712,566,3
882,63,65,1956,8,Male,7605 Essex Boulevard,40.39,-82.47,$18019,$36743,$71719,612,2
348,49,70,1970,7,Female,480 Seventh Lane,40.22,-74.76,$22747,$46377,$79980,719,3
633,36,69,1983,10,Female,5506 Fifth Boulevard,33.88,-118.27,$24611,$50179,$110515,743,1
1493,30,65,1989,11,Male,136 Spruce Street,38.22,-122.55,$26748,$54537,$121987,765,4
1161,23,66,1996,12,Male,306 First Drive,28.68,-81.51,$24155,$49255,$6557,823,2
217,42,65,1977,10,Male,272 Burns Boulevard,41.77,-87.82,$15221,$31031,$21853,744,7
1877,65,66,1955,1,Male,190 Sixth Drive,32.92,-96.45,$34659,$70673,$87605,714,4
668,87,57,1932,10,Female,8569 Wessex Boulevard,33.52,-86.79,$13263,$16342,$1758,747,5
533,22,65,1997,9,Male,385 Lexington Boulevard,32.71,-102.65,$15183,$30961,$42597,677,1
203,58,67,1961,3,Female,407 Park Lane,32.9,-80.93,$14864,$30305,$23392,776,3
1738,30,68,1989,3,Male,5142 Little Creek Street,35.67,-97.41,$33736,$68784,$198417,696,4
713,25,71,1994,8,Female,224 Mountain View Boulevard,48.19,-114.38,$17040,$34745,$26503,691,4
1631,18,67,2001,11,Female,4735 Fifth Avenue,30.44,-91.12,$31741,$64715,$174664,740,3
1487,59,69,1961,2,Female,4793 North Street,40.69,-80.01,$39464,$80464,$76261,727,3
1265,18,67,2002,2,Female,72 El Camino Boulevard,40.43,-79.97,$24400,$49748,$23161,748,1
370,61,58,1958,11,Male,381 Fifth Lane,34.07,-117.62,$16113,$41904,$12545,655,4
1014,54,70,1965,9,Female,393 Mountain View Lane,33.6,-117.82,$96516,$196784,$437533,729,3
290,27,66,1992,3,Female,293 Wessex Street,42.4,-83.6,$49458,$100837,$61377,687,2
985,32,65,1987,6,Male,7276 Fourth Drive,42.8,-83.71,$25334,$51654,$95454,600,4
135,64,69,1955,6,Female,327 Lafayette Boulevard,39.72,-82.59,$18680,$38088,$51679,691,2
307,18,69,2001,8,Male,2846 Lake Avenue,30.23,-92.81,$18082,$36866,$0,680,2
1783,52,70,1967,9,Male,2093 Ocean Street,37.78,-122.24,$18443,$37607,$63689,749,5
1321,49,66,1970,10,Female,981 Fifth Boulevard,40.26,-103.79,$16910,$34480,$58795,696,1
1511,43,66,1977,1,Male,18 Norfolk Boulevard,43.07,-89.38,$23680,$48279,$114254,719,2
900,36,65,1983,7,Male,977 Littlewood Avenue,30.17,-85.67,$16133,$32896,$69800,735,2
953,18,71,2001,6,Male,993 Mountain View Avenue,33.78,-117.33,$14667,$29909,$42832,664,2
233,37,64,1982,12,Female,896 Rose Street,44.96,-93.26,$23278,$47464,$83591,716,1
406,23,64,1996,5,Female,2418 Mill Drive,37.3,-122.0,$41750,$85128,$108678,641,1
1069,54,69,1965,9,Male,3683 Fifth Street,35.3,-81.03,$22487,$45852,$114746,615,2
180,33,67,1986,7,Female,0 Elm Street,33.53,-112.18,$13024,$26556,$43042,840,2
996,63,67,1956,11,Female,2302 Catherine Lane,26.02,-80.16,$19712,$40194,$107765,738,6
1866,22,67,1998,2,Male,213 Rose Drive,32.85,-96.96,$30475,$62135,$75209,676,2
1981,48,65,1972,1,Male,8975 Littlewood Boulevard,26.63,-81.99,$19274,$39303,$23650,702,7
870,63,64,1956,3,Female,1389 Park Lane,38.64,-76.9,$35114,$71593,$132181,821,3
16,75,67,1944,12,Male,2890 Eighth Lane,41.88,-87.84,$15451,$22158,$19101,681,5
46,62,66,1957,6,Male,20 Littlewood Boulevard,40.66,-73.84,$26481,$53996,$98211,632,4
800,28,73,1991,10,Female,6413 Second Street,30.44,-87.18,$12766,$26025,$23971,723,4
1968,25,69,1994,11,Female,611 Elm Lane,40.94,-73.86,$31299,$63816,$100128,775,1
697,56,73,1964,1,Female,889 Martin Luther King Avenue,35.72,-78.84,$32485,$66230,$90248,742,3
1269,56,56,1963,10,Male,336 Rose Avenue,41.83,-87.68,$25365,$36335,$28929,676,2
1782,59,61,1961,2,Female,4254 Plum Lane,33.74,-117.99,$19438,$39633,$58586,777,3
1977,43,69,1976,8,Female,825 Sussex Avenue,41.5,-87.5,$28048,$57185,$0,773,3
1734,37,69,1982,11,Male,185 Forest Drive,33.95,-84.54,$40530,$82637,$84762,739,2
1913,60,57,1960,1,Female,561 Martin Luther King Avenue,42.47,-83.49,$34259,$31121,$32768,619,5
858,47,67,1972,11,Male,335 Valley Stream Boulevard,29.5,-97.44,$15092,$30774,$51428,700,3
606,48,67,1971,12,Male,1773 Hill Street,39.4,-88.8,$16300,$33236,$57549,747,1
1564,35,65,1984,10,Male,55 Ocean View Street,35.2,-101.81,$18613,$37947,$49951,683,3
1109,24,65,1995,11,Male,8245 El Camino Lane,37.68,-97.34,$21518,$43875,$128146,639,1
1301,26,66,1993,5,Female,9530 Washington Street,38.1,-122.63,$30335,$61850,$81158,728,9
1399,28,71,1991,5,Male,221 Lexington Avenue,32.08,-81.1,$19770,$40314,$131348,707,4
1775,26,67,1993,8,Male,2484 Norfolk Drive,38.91,-75.43,$18622,$37968,$55982,788,3
1673,41,67,1978,11,Male,133 Grant Lane,43.46,-85.95,$17145,$34954,$45456,772,3
1957,40,74,1979,9,Male,1977 Lake Avenue,34.15,-118.6,$47055,$95945,$222735,772,2
1033,18,58,2002,2,Female,352 George Street,43.07,-82.49,$16598,$33844,$42109,684,2
1024,66,67,1953,4,Male,554 Grant Boulevard,37.69,-97.13,$32162,$65573,$143069,739,4
1441,40,66,1979,7,Male,631 Ocean View Street,43.07,-89.38,$23840,$48609,$43520,737,3
1103,45,70,1974,5,Female,31 Jefferson Boulevard,47.09,-116.46,$12618,$25723,$34007,746,3
431,19,72,2000,3,Female,973 Federal Avenue,30.62,-87.89,$25495,$51984,$79152,691,3
165,34,65,1986,2,Male,95266 Bayview Drive,37.83,-122.22,$52813,$107683,$225017,694,3
353,24,69,1996,2,Female,932 Essex Street,33.83,-117.2,$16109,$32847,$33514,721,2
1758,57,66,1963,1,Male,126 Valley Drive,32.32,-90.2,$11061,$22556,$43260,645,4
1266,35,54,1984,9,Female,239 South Drive,39.51,-76.17,$22590,$46063,$106528,618,1
1943,19,65,2000,9,Female,1134 Valley Drive,41.71,-72.83,$46762,$95348,$71972,706,3
792,28,65,1992,1,Female,5863 Grant Avenue,38.71,-95.08,$22158,$45180,$13168,698,2
1055,37,69,1982,4,Male,3472 11th Avenue,28.5,-81.37,$15137,$30865,$55079,594,1
1159,20,69,1999,11,Male,5590 Bayview Avenue,43.05,-82.67,$20377,$41543,$49021,732,4
1115,53,73,1966,9,Male,94 Jefferson Drive,32.32,-95.3,$14811,$30198,$40950,693,6
38,45,64,1974,12,Female,582 Birch Boulevard,26.63,-81.85,$19621,$40006,$72794,621,1
1027,53,68,1966,5,Male,809 Mountain View Boulevard,38.88,-94.81,$30232,$61646,$0,693,3
11,39,67,1980,10,Female,6339 Fourth Street,39.45,-76.81,$33175,$67643,$0,714,6
871,86,71,1933,5,Female,81 Hill Avenue,42.38,-83.1,$13820,$22650,$0,690,6
746,63,67,1956,10,Male,28136 Wessex Street,40.64,-73.94,$14856,$30288,$42745,689,4
1520,67,65,1952,10,Male,8787 Rose Avenue,37.72,-122.44,$22549,$47213,$1082,789,5
1372,76,66,1943,10,Female,96 Ninth Lane,34.95,-96.75,$15005,$28215,$18116,697,2
1799,32,55,1987,4,Male,3249 12th Drive,47.75,-122.04,$51751,$105515,$192458,646,4
1905,36,68,1983,12,Male,9340 Valley Street,27.48,-82.57,$13972,$28489,$6087,808,4
130,63,69,1956,9,Female,6429 Fifth Avenue,35.19,-80.83,$39752,$81048,$156195,781,4
1990,19,62,2000,12,Female,849 George Avenue,38.77,-76.06,$23180,$47263,$74853,726,2
593,19,71,2000,7,Male,804 Seventh Boulevard,40.52,-122.32,$16585,$33816,$77770,635,1
540,25,69,1994,9,Female,76009 Valley Stream Boulevard,42.37,-87.86,$15770,$32160,$62803,634,1
1155,83,65,1936,8,Female,387 Third Boulevard,31.5,-111.06,$15462,$29494,$1196,689,5
663,68,63,1951,3,Female,6398 Lake Lane,35.92,-86.84,$36563,$70554,$39078,655,5
1987,63,62,1956,9,Male,786 12th Drive,42.13,-87.92,$23098,$33686,$24997,488,2
1484,92,72,1927,8,Female,290 Forest Street,32.28,-110.73,$30818,$57732,$2261,726,6
417,21,65,1998,3,Male,320 Hillside Lane,35.1,-90.0,$10730,$21879,$69638,762,1
298,28,65,1991,5,Male,437 Ocean View Drive,40.79,-77.85,$25031,$51041,$106989,686,1
306,18,69,2002,1,Male,9850 Birch Drive,42.28,-71.16,$34519,$70380,$106797,725,2
607,25,64,1994,8,Male,55 Third Drive,41.92,-87.81,$20902,$42617,$67590,771,5
1769,75,65,1944,7,Male,177 Mill Boulevard,39.69,-74.25,$21861,$46031,$8332,661,5
698,55,66,1964,10,Female,886 Little Creek Drive,42.62,-73.83,$31927,$65094,$23909,699,3
896,27,65,1993,2,Female,327 Seventh Boulevard,38.04,-84.45,$18278,$37268,$50388,626,1
1975,53,67,1967,2,Female,8224 Fourth Drive,41.55,-73.03,$19114,$38972,$44098,738,3
645,63,64,1957,2,Female,174 Catherine Boulevard,33.91,-118.23,$13075,$26661,$42667,750,5
227,48,66,1971,9,Male,496 Hill Lane,44.96,-93.26,$40364,$82295,$1555,736,4
84,47,68,1972,9,Male,23068 Park Street,36.49,-81.5,$12630,$25748,$41455,738,3
1684,56,65,1963,11,Male,27019 Madison Lane,36.34,-83.28,$13668,$27861,$108313,782,5
745,18,72,2001,12,Male,293 First Boulevard,34.06,-117.17,$23820,$48561,$0,752,1
1508,66,69,1953,4,Female,8929 Essex Drive,39.16,-86.52,$19125,$38999,$64875,747,4
1158,62,66,1957,4,Male,1569 George Boulevard,35.78,-78.11,$16239,$33112,$56040,716,2
1427,34,66,1985,10,Female,326 Elm Lane,35.19,-80.83,$49477,$100880,$210445,770,1
352,22,65,1997,11,Male,32 Valley Drive,34.21,-119.18,$18175,$37058,$50548,680,2
1948,24,58,1995,3,Male,4132 Norfolk Boulevard,38.95,-76.95,$23166,$47234,$89154,685,3
724,45,72,1974,5,Female,819 El Camino Boulevard,35.97,-96.76,$17237,$35142,$107898,731,4
543,43,65,1976,3,Female,742 Lake Street,43.37,-124.14,$15069,$30721,$49961,749,3
1559,56,67,1963,12,Female,607 George Boulevard,34.05,-84.67,$28862,$58846,$126806,746,3
1199,29,68,1990,6,Male,704 Eighth Avenue,42.93,-75.38,$19161,$39069,$63884,720,2
1745,20,65,2000,2,Female,8643 Lafayette Boulevard,33.94,-83.99,$24252,$49449,$30723,728,3
1950,39,73,1980,3,Female,63 Plum Street,36.69,-84.47,$10942,$22312,$39445,720,5
1397,32,72,1987,4,Male,5381 12th Boulevard,36.88,-94.87,$17845,$36388,$92949,710,4
873,52,68,1967,8,Female,65 Fifth Boulevard,28.24,-81.28,$22086,$45037,$31792,710,3
1728,47,63,1972,10,Female,2614 Eighth Lane,44.35,-89.07,$18937,$38615,$74337,601,4
299,40,61,1979,7,Male,196 Plum Lane,40.84,-73.87,$13845,$28229,$55675,622,5
1742,58,67,1961,11,Female,444 Maple Avenue,40.05,-86.03,$24638,$50232,$1218,751,4
1004,59,66,1960,5,Male,868 Maple Drive,37.2,-87.17,$16847,$34350,$61639,705,3
301,47,69,1972,11,Male,6009 River Avenue,34.24,-84.49,$25654,$52308,$135319,679,1
1011,27,66,1992,8,Female,2058 Spruce Street,27.75,-82.64,$15724,$32061,$58904,676,1
906,75,69,1945,2,Male,6930 East Lane,40.57,-112.33,$21749,$21154,$5764,705,6
110,52,72,1967,10,Female,31204 El Camino Lane,30.26,-97.74,$25594,$52186,$42852,737,4
1073,43,70,1976,5,Female,967 First Avenue,41.19,-85.7,$17294,$35264,$70328,770,2
705,84,71,1935,9,Female,136 Hillside Avenue,37.91,-122.01,$42234,$79870,$4031,609,2
820,70,59,1949,12,Female,669 South Street,41.7,-70.3,$26762,$41902,$29713,633,5
1188,24,61,1995,8,Female,66992 Second Street,36.3,-115.24,$31374,$63969,$128412,626,1
1128,47,68,1972,7,Male,208 Park Avenue,44.53,-72.0,$16976,$34606,$23909,680,5
1479,32,60,1987,11,Male,335 Main Street,33.72,-84.42,$13059,$26631,$33950,805,1
1594,39,64,1980,11,Male,532 12th Drive,27.98,-80.66,$17645,$35978,$49366,643,3
1485,64,69,1955,10,Male,1350 Lake Drive,33.41,-96.57,$24402,$49756,$89743,618,4
1390,37,71,1982,6,Male,691 First Lane,36.17,-86.78,$29868,$60897,$85771,850,3
644,58,65,1961,3,Female,511 Grant Avenue,34.42,-84.11,$20581,$41963,$53857,741,1
1912,37,60,1982,7,Female,3510 Mountain View Street,44.96,-93.26,$22059,$44976,$134335,684,1
1584,27,69,1992,9,Male,9264 Lake Avenue,32.69,-97.01,$22922,$46733,$34333,692,2
1803,26,60,1993,4,Female,596 Mountain View Lane,41.66,-70.34,$23129,$47160,$64193,578,1
1824,23,65,1996,7,Male,374 East Lane,40.44,-86.91,$24737,$50433,$97029,838,3
340,20,63,1999,8,Male,51 George Avenue,47.3,-122.37,$25363,$51713,$86165,809,1
650,45,65,1974,8,Male,3916 Tenth Boulevard,32.75,-97.33,$11876,$24215,$28552,707,6
762,49,59,1970,9,Male,813 Fifth Boulevard,40.63,-82.96,$18293,$37298,$52134,683,1
1061,25,67,1994,12,Male,8931 Norfolk Drive,33.44,-111.8,$19844,$40457,$68826,739,1
1931,58,72,1961,6,Male,8996 Third Street,42.41,-71.16,$40694,$82974,$181429,503,2
702,46,68,1973,7,Female,33 Tenth Street,40.84,-73.4,$34873,$71103,$136853,721,4
918,43,75,1976,5,Female,5528 Lake Lane,40.32,-80.21,$14320,$29194,$10895,703,2
1137,52,67,1967,10,Male,8824 Hillside Avenue,35.32,-82.46,$16410,$33465,$98713,669,3
66,20,71,1999,6,Female,69 Norfolk Avenue,41.23,-80.81,$15361,$31314,$40331,721,4
1406,36,68,1983,7,Male,57 Pine Boulevard,36.12,-95.91,$11633,$23718,$1386,712,2
437,46,66,1973,6,Female,9528 Hill Street,39.04,-76.49,$35645,$72670,$28915,718,3
806,24,67,1995,4,Female,8251 Park Lane,40.11,-83.13,$38243,$77972,$6128,686,3
891,38,66,1981,10,Female,177 Maple Boulevard,35.44,-94.35,$17093,$34854,$40722,746,5
1191,25,69,1994,12,Female,299 Oak Boulevard,45.19,-123.24,$18098,$36902,$60538,711,1
701,28,59,1991,12,Female,7087 Plum Street,27.75,-82.64,$26476,$53984,$76118,701,1
1147,80,69,1939,3,Male,614 Spruce Avenue,40.6,-74.76,$46827,$104692,$6955,704,2
1625,24,66,1995,5,Female,625 Washington Lane,47.67,-122.18,$49629,$101191,$290730,659,1
1664,38,66,1981,10,Male,311 Fifth Drive,42.27,-83.73,$34119,$69566,$50003,791,4
1273,21,71,1998,4,Male,966 Sussex Boulevard,41.88,-87.97,$24223,$49382,$43126,762,1
1009,41,65,1979,1,Female,9059 Eighth Avenue,36.01,-82.15,$14093,$28733,$0,702,3
1341,87,72,1932,8,Male,4713 First Boulevard,41.15,-85.48,$19914,$30349,$2985,686,4
925,31,68,1988,3,Male,4165 Valley Avenue,38.76,-89.97,$28710,$58538,$93153,610,1
824,32,66,1987,8,Female,38 Catherine Boulevard,27.75,-82.64,$18100,$36901,$23293,695,4
563,70,65,1950,1,Male,3485 Federal Avenue,39.87,-75.92,$24725,$49531,$6707,737,6
1612,68,66,1951,8,Male,198 Main Boulevard,41.83,-87.68,$20649,$35370,$14777,562,1
1700,45,62,1975,1,Female,891 Fourth Avenue,40.81,-81.93,$18962,$38666,$116783,822,1
963,24,70,1995,12,Female,8094 Catherine Lane,42.63,-71.32,$20458,$41714,$54541,687,3
904,32,66,1987,8,Male,41 Plum Boulevard,37.96,-76.51,$12018,$24505,$52405,759,1
1586,43,65,1977,1,Male,2974 Grant Avenue,40.66,-73.7,$27778,$56640,$104134,672,4
1286,53,67,1966,10,Female,456 Lincoln Boulevard,42.76,-78.74,$30202,$61578,$85383,602,2
719,53,66,1966,11,Female,1959 Forest Street,42.27,-89.06,$24589,$50139,$109623,767,3
1469,21,68,1998,12,Male,74 Hill Avenue,39.12,-97.7,$16990,$34646,$54205,759,1
930,22,65,1998,1,Male,5274 Martin Luther King Lane,32.75,-97.33,$12274,$25024,$29227,691,2
1814,41,68,1979,1,Female,136 South Street,41.83,-87.68,$16114,$32856,$26535,703,3
1723,41,66,1978,10,Female,560 Summit Street,39.16,-89.48,$17696,$36080,$80443,839,3
1377,32,68,1987,11,Female,593 Washington Drive,32.91,-96.62,$14535,$29637,$56446,569,3
470,56,65,1964,2,Male,281 Martin Luther King Avenue,35.14,-96.49,$14004,$28553,$94214,747,3
1804,18,65,2001,9,Male,1335 Norfolk Drive,41.56,-70.55,$21335,$43499,$108468,701,4
229,35,57,1984,6,Female,47428 First Boulevard,41.8,-91.49,$29059,$59248,$173887,725,5
1512,44,65,1975,6,Male,6995 North Drive,39.77,-86.14,$32865,$67008,$81402,778,8
1543,31,68,1988,10,Female,5857 12th Avenue,34.14,-118.46,$51976,$105963,$106266,684,4
147,30,66,1989,4,Male,4096 Sussex Avenue,32.35,-86.28,$27653,$56383,$130152,800,4
1941,38,78,1981,8,Male,2867 Federal Drive,33.14,-95.95,$18934,$38609,$27463,740,3
901,48,66,1971,9,Male,96 11th Street,30.44,-87.18,$17987,$36671,$39882,850,3
191,28,65,1991,10,Male,654 Elm Drive,33.71,-84.53,$19550,$39860,$112825,728,1
12,18,63,2002,2,Female,345 George Avenue,38.06,-78.9,$18531,$37785,$58187,748,1
1828,50,68,1969,6,Male,35 Hillside Drive,41.83,-87.68,$0,$2466,$5521,711,2
29,68,60,1951,8,Female,318 Spruce Boulevard,42.47,-70.96,$18682,$27358,$13557,665,2
181,26,65,1994,1,Female,118 12th Avenue,33.86,-84.68,$25025,$51024,$181184,602,1
995,40,64,1979,5,Female,1752 Martin Luther King Avenue,35.46,-97.51,$49868,$101679,$307856,592,1
1218,20,71,1999,6,Male,982 Plum Boulevard,33.92,-118.2,$13632,$27801,$0,754,1
186,61,69,1958,11,Female,49 Bayview Lane,36.1,-115.02,$18897,$38536,$72299,705,1
171,43,70,1976,5,Female,5194 Grant Street,34.83,-82.37,$24314,$49577,$142314,694,3
1401,24,71,1995,11,Male,9713 Fourth Lane,36.81,-119.75,$17985,$36672,$49660,739,2
1314,43,70,1976,11,Male,857 Jefferson Avenue,29.7,-98.11,$19325,$39404,$71859,723,5
1560,61,60,1958,5,Female,1861 Fourth Boulevard,42.61,-94.14,$18849,$18452,$16827,741,6
613,39,69,1980,9,Female,7549 Fourth Lane,41.87,-88.01,$27741,$56562,$111495,712,4
346,90,74,1929,11,Female,495 Ocean View Lane,34.43,-119.68,$25249,$48580,$1785,687,7
812,41,67,1978,4,Female,6946 Park Drive,42.78,-72.48,$20338,$41469,$119423,659,1
13,52,61,1967,6,Female,4222 Ocean View Drive,37.89,-85.96,$15879,$32378,$65919,588,4
602,57,67,1963,1,Male,46 South Street,36.34,-79.67,$16888,$34437,$0,681,4
657,83,68,1936,11,Female,2780 Martin Luther King Drive,44.45,-95.78,$20697,$33897,$533,705,4
909,38,64,1981,5,Male,215 Ocean View Drive,47.11,-122.76,$24044,$49023,$66148,583,5
183,24,65,1995,12,Female,84 Second Lane,41.83,-87.68,$18937,$38609,$39867,798,3
1792,18,68,2001,11,Female,1987 Hillside Lane,44.02,-72.23,$15062,$30712,$38054,723,2
1599,22,68,1997,7,Male,71 Madison Street,31.84,-106.43,$16011,$32645,$59851,790,3
1267,81,65,1938,10,Female,9574 Ocean Drive,47.83,-122.32,$28248,$31912,$2182,630,4
411,30,67,1990,1,Male,649 Sussex Street,43.97,-75.91,$18401,$37521,$65701,775,2
350,62,70,1957,8,Female,102 Seventh Avenue,39.14,-76.77,$28673,$58463,$141151,737,4
1323,36,68,1983,3,Female,28 Second Boulevard,32.34,-108.7,$15407,$31414,$42233,719,4
934,32,63,1987,12,Female,2017 Ninth Drive,42.38,-76.39,$20159,$41106,$106963,762,3
421,53,67,1967,1,Female,595 Valley Stream Drive,41.97,-91.66,$22502,$45876,$58252,790,7
223,37,67,1982,10,Female,3748 Mountain View Drive,38.78,-121.37,$28760,$58637,$87340,803,6
1402,35,63,1984,10,Male,626 Federal Drive,34.72,-92.35,$47364,$96574,$265319,590,3
1650,18,67,2002,2,Male,701 Pine Drive,40.71,-74.06,$21642,$44128,$142368,687,3
354,77,72,1942,8,Female,9 Plum Boulevard,38.86,-104.76,$22185,$31942,$11845,713,6
314,27,66,1992,6,Male,1039 Bayview Drive,39.0,-77.4,$28410,$57927,$87736,557,1
1457,20,66,1999,6,Male,11162 Oak Drive,41.57,-93.61,$22425,$45725,$102164,688,4
1613,39,65,1980,12,Male,4784 Park Boulevard,44.44,-69.83,$21647,$44134,$0,792,4
945,19,66,2001,2,Male,751 Birch Avenue,32.79,-117.25,$27748,$56579,$79726,705,2
586,37,63,1983,2,Male,372 12th Boulevard,35.57,-82.54,$22983,$46864,$58954,751,4
119,44,67,1975,9,Female,60 Little Creek Avenue,36.16,-115.28,$27761,$56605,$87970,624,3
1312,31,66,1988,4,Female,5190 Grant Street,37.3,-121.8,$25115,$51209,$76900,765,1
1529,51,69,1968,4,Male,310 Birch Avenue,26.23,-80.13,$37424,$76305,$112785,692,3
326,18,61,2001,3,Male,644 Birch Avenue,40.26,-80.18,$30076,$61325,$83899,652,1
1596,42,69,1977,3,Male,188 Washington Avenue,34.28,-118.44,$15583,$31772,$17286,734,4
714,61,67,1958,10,Female,72 Second Street,45.34,-122.66,$35992,$73383,$155191,760,2
887,55,66,1964,4,Male,3999 West Lane,42.25,-71.9,$26137,$53287,$51026,816,4
1425,88,67,1931,4,Female,95 Sixth Avenue,35.33,-89.88,$19115,$19225,$1644,809,8
1645,62,65,1957,11,Female,58 Federal Lane,41.47,-81.85,$29692,$60541,$160456,716,3
1863,44,61,1975,12,Female,25 Hill Drive,42.29,-85.22,$21639,$44124,$107162,850,1
1576,88,65,1932,1,Female,2947 Lake Lane,42.66,-83.38,$24578,$36764,$839,712,8
1268,47,63,1972,9,Male,857 Catherine Avenue,34.2,-86.15,$14516,$29597,$44388,513,4
1565,37,66,1983,1,Female,33 Mill Street,39.09,-84.51,$18959,$38656,$47523,584,1
1842,45,64,1974,10,Male,41307 Main Lane,35.11,-106.62,$15385,$31373,$58481,637,2
664,22,68,1997,4,Female,751 Fifth Street,40.86,-76.78,$16519,$33681,$78326,697,2
485,39,64,1980,10,Male,6889 Summit Lane,35.48,-120.92,$18740,$38211,$84427,665,2
244,40,62,1979,7,Female,8100 Hill Avenue,30.58,-84.58,$13144,$26802,$43444,638,2
145,58,65,1962,1,Female,645 Hillside Lane,36.18,-82.07,$12427,$25334,$182,696,3
866,34,67,1985,3,Male,4591 Third Drive,40.43,-79.97,$30361,$61904,$125358,639,3
1424,101,68,1918,5,Female,887 Third Boulevard,35.13,-112.99,$13086,$15348,$1396,761,4
427,44,66,1975,11,Female,33 Pine Lane,36.15,-85.5,$15955,$32527,$74331,705,3
684,51,63,1969,2,Male,1246 11th Boulevard,26.14,-80.13,$21661,$44170,$90049,661,7
1643,28,64,1991,6,Female,233 Oak Drive,45.47,-122.37,$22599,$46077,$101450,686,1
1300,58,66,1961,3,Male,4988 Ocean View Lane,31.13,-93.27,$11324,$23092,$20545,752,4
283,19,69,2000,11,Male,74 Birch Avenue,40.75,-103.06,$15064,$30710,$30956,680,2
355,22,62,1997,11,Female,415 Madison Boulevard,35.87,-96.05,$19856,$40491,$81879,691,2
1669,44,62,1975,5,Male,6308 Maple Avenue,38.66,-121.62,$25234,$51454,$151162,698,4
937,47,63,1973,1,Female,430 Sixth Avenue,41.01,-73.84,$46169,$94133,$189899,603,1
845,58,72,1961,8,Male,860 Seventh Avenue,30.42,-86.61,$18005,$36710,$116794,786,5
1518,62,70,1957,8,Male,313 Martin Luther King Boulevard,34.47,-86.8,$18533,$37785,$81500,745,3
1591,58,66,1961,6,Female,2200 Third Drive,48.28,-122.62,$16537,$33717,$58236,698,6
1172,50,64,1970,2,Male,5154 Sixth Avenue,38.02,-121.3,$14709,$29994,$100834,769,1
1629,42,63,1977,6,Female,53789 Bayview Street,26.14,-80.13,$14430,$29422,$58679,598,1
675,40,67,1980,1,Male,42 Martin Luther King Drive,39.92,-77.8,$17405,$35489,$91995,724,5
577,28,65,1992,1,Female,769 Madison Drive,32.07,-110.92,$16238,$33106,$108695,763,2
854,26,65,1994,2,Female,3716 North Boulevard,41.64,-88.44,$29281,$59699,$71110,688,1
1261,58,70,1961,7,Male,610 Oak Street,45.54,-122.64,$33737,$68787,$171854,527,1
1227,65,67,1954,11,Female,727 Eighth Lane,42.37,-83.46,$33031,$67344,$7049,804,4
840,68,64,1952,1,Female,651 Fourth Avenue,37.74,-122.44,$51692,$88432,$63075,694,6
733,36,68,1983,7,Male,895 Lexington Lane,31.49,-97.23,$26061,$53138,$153374,606,4
454,88,65,1931,4,Female,9192 Birch Lane,46.87,-96.81,$22214,$38523,$49,751,5
961,76,63,1944,2,Male,3031 Essex Street,28.2,-82.59,$34909,$26660,$28332,721,4
768,53,67,1966,10,Female,709 River Lane,40.13,-75.06,$34043,$69412,$177225,620,1
817,26,67,1993,5,Male,91 Lake Street,30.06,-89.93,$32314,$65888,$162364,803,2
78,37,63,1983,1,Male,5320 Mountain View Street,33.95,-118.29,$12362,$25205,$65179,688,1
1334,38,65,1981,4,Female,17 Tenth Avenue,43.0,-78.87,$19433,$39627,$47793,718,4
1610,42,66,1978,1,Female,12150 Mill Boulevard,32.32,-90.2,$13717,$27967,$50159,690,2
108,50,68,1969,11,Female,373 Sussex Drive,31.44,-93.45,$18709,$38142,$0,768,4
1308,36,67,1984,2,Female,28 Lexington Drive,47.36,-122.1,$28919,$58964,$71890,619,1
780,74,66,1945,11,Male,41 Rose Lane,42.35,-71.22,$56720,$58378,$73124,652,1
1340,53,68,1966,8,Male,815 Hillside Drive,29.76,-95.38,$26420,$53872,$64269,691,5
1888,75,59,1944,6,Female,7854 Plum Avenue,44.65,-93.17,$28429,$41513,$15899,748,3
247,49,69,1970,7,Female,704 East Drive,30.21,-93.2,$26772,$54587,$69070,761,6
238,22,62,1997,6,Male,9261 Little Creek Lane,41.41,-82.31,$20400,$41595,$54451,675,1
915,44,64,1975,4,Male,936 Mill Street,43.08,-76.37,$22047,$44953,$97076,728,1
1927,28,65,1991,5,Male,35 Sixth Boulevard,41.07,-85.13,$17264,$35199,$68569,739,2
1658,28,59,1991,3,Female,8128 Hillside Avenue,41.84,-87.75,$13891,$28324,$62363,695,2
1208,38,72,1981,9,Male,9541 Ocean View Drive,40.59,-77.57,$16375,$33387,$69066,526,3
1255,24,67,1995,9,Male,9614 Ocean View Drive,35.37,-85.38,$15209,$31006,$71031,681,2
85,29,60,1990,4,Male,8016 Norfolk Drive,34.92,-76.89,$16006,$32636,$42290,782,1
1382,58,65,1961,7,Male,16 Eighth Lane,32.79,-96.76,$12693,$25883,$44404,706,4
1932,26,60,1993,12,Female,15 Valley Stream Drive,32.59,-116.58,$9352,$19069,$23153,658,1
1217,59,66,1960,12,Female,584 Bayview Street,33.62,-112.0,$22070,$44992,$53368,785,3
514,58,72,1961,8,Male,967 Norfolk Avenue,28.08,-80.6,$15840,$32295,$72357,698,4
232,57,66,1962,5,Female,186 First Drive,41.58,-73.8,$33919,$69159,$135111,786,3
445,42,59,1977,12,Female,9864 Fifth Lane,43.88,-85.8,$6201,$12643,$19299,645,1
1206,34,65,1985,9,Female,862 11th Drive,37.89,-122.03,$42685,$87030,$161964,727,3
1276,82,66,1937,6,Female,7236 South Boulevard,41.83,-87.68,$25365,$41793,$1141,730,5
875,39,71,1981,2,Male,5944 Grant Avenue,33.23,-87.54,$20553,$41907,$87163,728,4
1546,48,61,1971,11,Male,70 Second Drive,43.3,-71.33,$19781,$40336,$144284,668,4
422,19,62,2000,11,Female,5378 Lafayette Avenue,39.98,-82.98,$15539,$31683,$46987,817,4
519,57,67,1962,6,Female,839 East Avenue,36.14,-115.03,$19377,$39508,$18870,770,4
1408,42,67,1978,2,Male,209 George Avenue,33.31,-81.13,$12189,$24859,$43986,683,2
1204,42,67,1977,6,Male,583 El Camino Boulevard,42.09,-70.7,$34059,$69440,$129944,743,3
276,25,70,1995,1,Male,9892 George Drive,27.53,-99.48,$10626,$21666,$38058,610,2
1133,30,66,1989,10,Female,781 Federal Street,43.11,-77.8,$22855,$46599,$12700,684,4
1035,22,71,1997,6,Male,3132 Lake Avenue,38.62,-121.32,$24781,$50525,$118160,701,2
710,60,68,1959,9,Female,29 12th Avenue,42.12,-89.25,$25698,$52397,$72810,729,3
582,53,63,1966,8,Male,415 Lafayette Drive,41.36,-85.23,$19236,$39222,$66559,583,3
821,73,60,1946,7,Male,833 Elm Lane,29.76,-95.38,$12434,$18015,$10463,645,2
1352,65,64,1954,3,Female,8437 Sixth Street,44.75,-85.6,$20035,$42102,$9645,672,3
831,36,66,1983,10,Male,547 Norfolk Boulevard,41.29,-91.55,$18302,$37316,$37515,726,2
936,18,67,2001,6,Female,255 Bayview Street,35.15,-119.06,$20460,$41717,$27174,718,5
578,75,71,1944,8,Male,5934 Essex Boulevard,38.04,-84.45,$14920,$20797,$10127,777,1
1997,76,69,1943,8,Male,765 Forest Street,44.92,-93.4,$39155,$38800,$25867,758,7
258,51,68,1968,3,Male,572 Mountain View Lane,37.27,-79.95,$14528,$29622,$17385,694,3
851,88,65,1931,10,Female,42 Fourth Avenue,38.21,-85.23,$19620,$31399,$2528,757,4
1951,48,66,1971,5,Female,328 Birch Street,39.13,-76.69,$31075,$63355,$0,708,5
1978,19,71,2000,12,Female,76 Birch Drive,32.76,-94.34,$15299,$31197,$84749,844,2
1897,38,67,1981,3,Male,683 Washington Street,40.87,-73.4,$51032,$104049,$247623,741,2
972,35,69,1984,5,Male,215 Plum Boulevard,31.84,-106.43,$24608,$50177,$101323,681,4
1010,40,64,1979,12,Female,5899 Mill Street,34.17,-82.02,$16843,$34344,$48931,548,1
1243,31,72,1989,1,Female,9316 Hillside Lane,40.27,-76.88,$17110,$34884,$26799,705,5
1976,33,69,1986,3,Female,2552 Forest Avenue,39.61,-76.85,$27906,$56897,$0,699,5
91,38,72,1981,10,Female,89 Washington Boulevard,39.73,-75.53,$35630,$72647,$90579,739,1
1606,49,66,1970,8,Male,9383 Martin Luther King Street,30.68,-88.04,$25381,$51755,$88605,806,1
1201,60,66,1959,11,Male,175 Valley Drive,42.36,-71.36,$56632,$115465,$195657,715,4
1887,18,70,2002,1,Male,729 Wessex Drive,26.63,-81.85,$17522,$35731,$71825,503,2
195,18,70,2002,2,Female,5263 Little Creek Drive,28.75,-81.33,$31847,$64936,$107755,688,2
874,24,68,1995,3,Male,4973 Martin Luther King Lane,39.38,-119.67,$30757,$62711,$68777,798,3
1317,41,68,1978,7,Female,26 Valley Stream Drive,39.39,-74.51,$15157,$30910,$42507,749,4
1311,27,71,1992,11,Male,79 Sixth Avenue,47.54,-122.58,$21219,$43264,$89798,729,1
785,18,67,2001,11,Male,13 Main Boulevard,38.16,-121.93,$23990,$48909,$71310,740,2
662,32,71,1987,11,Female,670 Tenth Drive,41.86,-88.06,$42028,$85694,$120733,822,2
847,81,68,1938,4,Female,864 Main Lane,35.78,-95.24,$18585,$27864,$1371,591,6
685,21,68,1998,4,Male,5263 Fifth Avenue,44.26,-88.39,$21828,$44513,$105303,778,6
617,27,69,1992,6,Female,5048 Catherine Drive,38.03,-78.48,$28459,$58026,$133169,691,1
23,18,70,2001,5,Female,9085 West Drive,29.8,-98.73,$31193,$63600,$102773,645,1
339,19,75,2000,7,Female,640 Bayview Street,32.61,-90.03,$15597,$31797,$5400,843,2
280,40,66,1979,10,Female,3539 Lincoln Boulevard,37.92,-122.34,$21869,$44585,$81825,684,5
1473,51,67,1968,11,Female,6541 Fourth Drive,37.04,-93.29,$20316,$41427,$53773,850,3
65,51,72,1968,10,Female,4514 Elm Street,33.99,-81.08,$16928,$34517,$74143,645,2
1353,50,65,1970,2,Female,655 Federal Avenue,40.46,-111.63,$21232,$43294,$104521,816,7
736,27,66,1992,9,Female,8440 Park Drive,39.99,-105.09,$30072,$61317,$0,741,3
1670,68,65,1951,12,Male,46 Lincoln Lane,33.82,-118.11,$32079,$50184,$27778,732,4
1776,47,75,1972,10,Male,130 Lincoln Drive,40.04,-82.12,$21156,$43133,$44263,693,3
1474,23,65,1996,12,Female,359 Tenth Avenue,42.5,-96.39,$21757,$44361,$71031,705,1
951,57,66,1962,9,Female,381 Catherine Avenue,33.91,-118.23,$13075,$26664,$12241,709,4
1818,85,65,1934,6,Female,23 11th Avenue,36.73,-76.04,$29485,$41843,$1741,500,3
1450,22,70,1998,2,Male,440 Littlewood Drive,28.08,-80.6,$24500,$49952,$95184,780,1
1524,26,60,1993,3,Male,118 Mountain View Lane,42.19,-88.08,$48986,$99883,$171034,732,1
1789,40,65,1979,3,Female,57 West Boulevard,38.22,-86.86,$18898,$38527,$36933,684,2
767,32,63,1988,1,Female,7096 Park Street,43.28,-72.47,$18013,$36729,$48624,686,3
678,63,67,1957,2,Female,861 Martin Luther King Boulevard,42.88,-78.85,$14456,$29477,$56355,850,4
471,52,65,1967,9,Male,123 Ocean View Street,38.57,-121.17,$35137,$71645,$155006,629,3
757,62,65,1957,9,Female,956 Lincoln Boulevard,40.64,-73.94,$22674,$46232,$68957,691,4
1724,20,66,1999,5,Female,489 Fourth Drive,41.71,-86.87,$18036,$36775,$102641,850,3
1603,41,65,1978,12,Male,6515 Hillside Drive,44.65,-114.15,$19036,$38812,$16331,762,4
224,20,67,1999,11,Female,5789 Ninth Drive,40.69,-73.85,$19682,$40130,$55801,798,1
808,38,66,1981,11,Female,1583 Grant Lane,40.78,-73.24,$17679,$36045,$0,683,3
1326,52,73,1968,2,Female,292 Maple Drive,40.49,-74.48,$32610,$66489,$83828,731,2
158,31,72,1989,2,Female,5065 Catherine Drive,45.2,-122.06,$20343,$41475,$0,747,2
1928,56,68,1963,7,Male,273 Ocean Street,45.79,-122.69,$27308,$55682,$82696,750,4
1575,51,68,1968,5,Female,23 12th Boulevard,27.19,-82.49,$28272,$57646,$127892,724,4
1608,19,68,2000,9,Female,1464 Bayview Street,31.85,-102.36,$19399,$39556,$132573,572,1
1455,36,67,1983,12,Male,83 Sixth Drive,32.72,-117.09,$16838,$34330,$15223,713,4
1916,82,71,1937,4,Male,62696 Norfolk Drive,30.65,-84.69,$15069,$10142,$1809,767,7
1617,30,60,1989,10,Male,105 Seventh Street,39.2,-76.85,$37697,$76867,$118029,659,1
143,22,68,1997,6,Female,5138 Park Drive,41.55,-87.66,$25689,$52379,$107734,771,3
1176,39,64,1980,10,Male,2411 Hillside Lane,37.94,-87.4,$28126,$57348,$119230,527,3
1194,49,70,1970,3,Male,2248 Third Avenue,35.06,-85.25,$18658,$38041,$27813,782,4
423,28,70,1991,3,Female,19 El Camino Drive,33.62,-112.05,$26023,$53053,$42396,696,2
580,35,65,1984,5,Male,5094 Lafayette Boulevard,40.55,-84.57,$18077,$36857,$3112,768,3
4,54,72,1965,3,Female,6016 Little Creek Boulevard,47.61,-122.3,$37485,$76431,$115362,716,5
530,78,68,1941,7,Male,34533 Ninth Avenue,34.06,-117.39,$14709,$18100,$0,682,6
1826,45,61,1974,5,Female,94936 Elm Drive,28.92,-81.92,$8155,$16628,$33926,654,1
595,79,66,1941,2,Male,132 Lexington Drive,36.5,-78.55,$18100,$29041,$4427,699,4
1022,47,64,1972,12,Female,27 Summit Street,34.98,-80.54,$17595,$35876,$50190,635,3
1108,19,67,2000,3,Male,32 First Lane,40.83,-74.24,$40216,$81995,$133788,685,2
246,50,70,1969,9,Female,671 West Drive,44.96,-93.26,$40364,$82298,$0,791,4
270,30,62,1989,8,Male,71682 Catherine Street,39.02,-84.56,$30367,$61916,$165886,655,4
1945,56,70,1964,2,Female,7728 Oak Drive,34.72,-92.35,$14736,$30042,$9208,727,4
1540,55,61,1964,9,Female,1513 Valley Boulevard,39.33,-84.54,$21992,$44839,$63194,625,3
1149,25,74,1994,12,Male,972 Spruce Avenue,26.14,-80.13,$29740,$60638,$132252,661,1
1438,26,64,1994,1,Female,4631 Plum Avenue,41.47,-81.67,$14737,$30049,$80474,700,1
409,54,65,1965,8,Female,7561 Littlewood Street,42.49,-92.35,$14568,$29699,$6569,711,3
694,29,66,1990,5,Male,1598 Elm Street,61.2,-149.82,$20519,$41836,$60302,615,2
382,55,68,1964,11,Male,541 Tenth Street,34.0,-118.28,$11329,$23103,$63635,681,3
629,72,70,1947,5,Male,4388 Hillside Street,39.27,-76.83,$39053,$57513,$11755,793,5
1211,66,68,1953,3,Female,644 South Drive,35.1,-90.0,$18759,$38249,$0,746,4
823,41,65,1978,3,Female,858 Jefferson Avenue,36.7,-76.63,$20353,$41496,$9222,807,2
1304,24,70,1995,8,Female,229 River Avenue,40.99,-74.34,$44540,$90812,$175569,850,3
89,35,67,1984,6,Male,7794 Ocean Street,32.27,-106.61,$14822,$30217,$23394,705,4
1751,29,66,1990,11,Female,828 Little Creek Boulevard,38.78,-90.7,$30202,$61581,$241312,736,2
888,53,67,1966,6,Male,817 Forest Street,34.86,-92.12,$16462,$33566,$96597,698,1
81,66,68,1953,3,Female,804 Sixth Boulevard,29.57,-97.96,$17440,$35560,$60397,723,5
1021,21,67,1998,11,Female,218 East Street,34.14,-117.85,$31699,$64630,$92847,751,2
826,67,60,1952,11,Female,563 Birch Drive,33.98,-83.88,$26767,$57705,$22475,684,3
87,58,71,1961,5,Male,663 Second Boulevard,26.13,-97.63,$11844,$24155,$2870,802,3
1833,27,71,1993,1,Male,5514 Norfolk Boulevard,35.58,-88.5,$17179,$35026,$11468,743,5
829,29,70,1990,3,Female,587 East Lane,35.36,-79.13,$17854,$36404,$11745,726,3
1879,50,60,1969,5,Male,659 Valley Drive,35.66,-80.48,$18724,$38179,$50559,609,2
236,36,65,1983,3,Female,4137 Bayview Drive,29.7,-95.46,$79100,$161276,$317964,540,1
1619,31,66,1988,6,Male,693 Seventh Street,33.61,-96.6,$15737,$32086,$53595,747,4
1146,22,69,1997,3,Female,398 Park Boulevard,41.83,-87.68,$18395,$37505,$57014,714,3
803,69,73,1951,2,Female,55 El Camino Boulevard,37.53,-120.84,$22799,$46487,$57336,635,3
193,23,65,1996,7,Female,4343 Mountain View Boulevard,44.48,-103.84,$18583,$37891,$66163,749,1
1686,54,67,1965,3,Female,401 North Avenue,39.99,-105.09,$30072,$61312,$25355,708,3
1959,46,59,1973,4,Male,8750 Lake Boulevard,41.57,-81.2,$25565,$52130,$80367,701,1
1342,27,61,1993,1,Female,883 Federal Street,42.91,-78.7,$19983,$40744,$50803,717,1
1371,86,65,1933,6,Female,143 Catherine Boulevard,21.41,-157.79,$24516,$49529,$1385,689,6
1067,76,63,1943,12,Male,343 Lafayette Drive,37.54,-97.25,$24531,$41790,$24676,719,5
1019,81,57,1939,1,Female,482 Grant Street,34.09,-117.96,$15775,$29928,$2028,713,4
1568,47,67,1972,5,Female,3816 Spruce Drive,40.67,-73.39,$21077,$42976,$58765,748,3
1765,40,68,1979,3,Male,9594 Burns Lane,33.46,-82.5,$15755,$32126,$56283,770,3
1875,56,69,1963,4,Male,4966 Grant Street,40.89,-81.58,$22170,$45202,$71022,683,4
1111,20,65,1999,3,Female,7132 Rose Avenue,26.63,-81.99,$17120,$34907,$64107,742,3
1160,27,65,1992,4,Male,238 Eighth Avenue,41.8,-80.06,$16965,$34591,$65770,688,2
1574,22,69,1997,3,Female,7318 Mill Lane,34.89,-77.54,$15661,$31933,$65405,746,1
189,42,70,1978,2,Male,9566 Tenth Street,30.44,-97.62,$25584,$52165,$97248,730,4
466,58,64,1961,8,Female,416 Madison Street,40.4,-81.35,$14477,$29519,$45597,643,3
659,57,67,1962,5,Male,5079 Sussex Avenue,38.73,-86.47,$15981,$32583,$12501,812,7
942,37,65,1982,7,Male,3914 Mill Street,30.3,-90.97,$29006,$59139,$128870,742,4
1234,44,64,1975,10,Male,7815 Hillside Avenue,29.76,-95.38,$30499,$62185,$114235,749,1
841,22,67,1997,6,Male,2429 Eighth Avenue,44.63,-123.0,$17561,$35800,$65841,753,2
1388,26,71,1993,10,Male,4379 Lake Avenue,39.09,-76.85,$35553,$72485,$31605,691,2
1056,24,65,1995,3,Female,215 Elm Lane,34.28,-119.22,$25524,$52036,$26232,703,3
345,33,67,1986,7,Male,67424 Tenth Boulevard,42.24,-85.48,$17409,$35499,$80517,724,1
308,44,65,1976,1,Male,3675 Bayview Drive,35.37,-85.38,$15209,$31015,$103094,737,2
1922,79,65,1940,11,Male,127 Valley Boulevard,32.85,-117.2,$34848,$53222,$23051,640,1
1156,56,69,1963,6,Female,9603 South Lane,40.74,-74.33,$137428,$280199,$91367,752,5
561,48,67,1971,6,Male,604 Pine Street,40.8,-91.12,$18076,$36853,$112139,834,5
507,22,70,1998,2,Male,79 Burns Drive,40.81,-74.0,$18392,$37497,$0,695,1
1522,88,66,1931,10,Female,41740 First Street,40.94,-74.24,$37030,$31828,$3777,593,3
695,49,68,1970,7,Female,530 Main Boulevard,29.48,-95.1,$35246,$71866,$132580,662,1
285,62,69,1957,8,Male,702 Elm Drive,36.95,-121.72,$16920,$34496,$33122,731,5
113,74,71,1946,1,Female,4 Plum Boulevard,32.86,-97.21,$26016,$39003,$10793,788,5
1039,68,64,1951,3,Male,29 Federal Boulevard,34.04,-118.21,$12349,$11566,$9102,536,4
176,45,71,1974,12,Female,627 Ninth Drive,33.74,-84.31,$25586,$52172,$66085,667,4
1104,91,66,1928,3,Male,120 Lafayette Boulevard,26.23,-80.13,$18266,$40141,$805,850,6
946,48,66,1971,5,Male,2981 Ninth Boulevard,40.31,-79.38,$19486,$39733,$79302,781,4
1465,29,65,1991,2,Female,8463 Second Street,39.53,-84.08,$25333,$51651,$22705,801,3
25,22,64,1997,3,Female,814 Washington Street,33.36,-111.93,$24122,$49190,$122458,630,1
571,42,68,1977,11,Male,8580 Valley Stream Avenue,39.46,-77.96,$18003,$36711,$84949,739,4
1396,22,61,1997,5,Male,666 Lafayette Lane,39.21,-76.72,$22728,$46344,$66994,732,3
599,26,71,1993,3,Male,4872 Lexington Avenue,40.36,-75.09,$49534,$100991,$0,722,3
1074,62,65,1957,6,Female,1305 Spruce Boulevard,44.66,-103.85,$16097,$32819,$25393,826,5
214,30,62,1989,8,Male,437 Madison Street,41.83,-87.68,$23446,$47803,$81929,652,1
771,44,69,1975,9,Male,919 Lafayette Drive,42.33,-122.79,$18961,$38661,$88636,765,3
520,45,66,1974,4,Male,3346 Hillside Street,40.26,-75.74,$28278,$57658,$74288,766,5
288,45,69,1974,5,Female,9891 Valley Drive,33.17,-90.48,$10909,$22249,$20420,789,3
1979,38,68,1982,2,Female,731 Lincoln Boulevard,26.37,-80.1,$31706,$64647,$58250,738,4
1253,32,64,1987,10,Female,1782 South Boulevard,41.44,-73.04,$28814,$58749,$113308,768,6
311,46,68,1973,12,Female,8070 Mill Lane,37.18,-113.6,$14470,$29510,$47153,752,4
1346,53,65,1966,3,Female,696 Oak Boulevard,36.81,-119.75,$17985,$36672,$99454,655,2
1622,41,61,1979,1,Female,1063 Federal Boulevard,42.15,-71.13,$38878,$79271,$211919,759,1
852,35,68,1985,1,Female,955 11th Street,29.82,-82.59,$19693,$40156,$70128,738,3
1394,30,58,1989,4,Female,341 Hill Drive,38.63,-90.24,$28373,$57853,$131828,558,4
957,73,64,1946,9,Female,862 Martin Luther King Drive,39.17,-77.26,$33637,$37789,$24575,605,3
515,61,63,1958,10,Male,9525 First Boulevard,32.51,-94.76,$20531,$41865,$60911,676,4
1303,66,69,1953,3,Male,602 First Street,41.31,-81.85,$30381,$61937,$138153,684,7
1287,32,67,1987,7,Female,698 11th Lane,35.55,-77.05,$15827,$32274,$72974,545,1
296,48,71,1971,3,Male,9570 North Drive,40.81,-74.1,$37170,$75785,$117920,814,3
1059,50,64,1969,4,Male,9762 Pine Street,35.43,-82.5,$22345,$45560,$79660,644,3
1378,46,67,1973,3,Female,778 Main Avenue,44.27,-88.34,$20013,$40810,$65643,614,4
1297,58,67,1961,11,Male,669 Wessex Lane,34.99,-92.63,$18817,$38371,$50530,703,3
1727,46,67,1973,10,Female,31 Oak Avenue,34.0,-81.03,$23917,$48762,$143208,771,6
310,26,61,1994,2,Male,4840 Summit Lane,38.72,-121.0,$28660,$58435,$134789,666,2
673,48,68,1971,7,Male,1772 Essex Boulevard,37.27,-79.88,$19188,$39124,$66231,722,4
1283,50,65,1970,1,Male,720 Seventh Avenue,45.64,-122.37,$31226,$63673,$147913,591,4
1239,34,65,1985,11,Female,5449 Lexington Drive,33.78,-117.93,$18679,$38081,$28613,811,4
1691,23,61,1996,11,Female,5459 El Camino Avenue,35.12,-81.51,$14443,$29450,$36002,692,1
1078,56,65,1963,12,Female,291 Seventh Drive,40.6,-88.98,$28237,$57576,$161107,589,2
124,31,70,1988,8,Female,9833 Forest Street,34.6,-98.42,$16829,$34311,$6971,680,4
99,63,65,1956,11,Female,891 El Camino Lane,26.23,-80.13,$26530,$54095,$76109,753,3
1722,24,65,1995,9,Female,162 Rose Drive,37.96,-121.26,$12089,$24648,$32962,600,1
562,37,61,1982,8,Female,1059 Elm Avenue,39.95,-104.9,$32793,$66863,$89031,673,1
750,61,68,1959,1,Female,475 Oak Boulevard,35.19,-80.83,$14793,$30165,$36972,694,2
1223,53,67,1966,6,Male,822 Ocean Street,41.8,-87.92,$92938,$189490,$448929,717,3
1319,19,68,2000,3,Female,671 George Drive,38.2,-84.55,$23827,$48582,$189348,546,1
575,84,65,1935,12,Male,6478 Valley Stream Avenue,40.15,-74.85,$23207,$26476,$406,813,5
428,39,69,1980,11,Male,6405 Fifth Avenue,42.99,-71.45,$27706,$56486,$116394,689,2
828,59,71,1960,3,Female,85 Littlewood Avenue,29.45,-98.5,$17609,$35906,$69819,659,3
1580,19,61,2000,4,Female,528 Spruce Lane,41.6,-87.05,$27261,$55587,$151141,621,2
1570,21,67,1998,4,Female,100 Seventh Drive,45.93,-88.25,$18016,$36733,$0,761,3
846,48,66,1971,11,Female,58 Catherine Drive,41.26,-96.01,$33232,$67761,$0,745,4
666,57,56,1963,2,Male,919 Lafayette Avenue,35.85,-86.39,$22760,$36282,$14141,725,1
335,46,68,1973,7,Female,75 Birch Lane,26.74,-80.12,$27696,$56467,$66565,688,3
639,55,73,1965,2,Female,82 Jefferson Avenue,41.12,-83.01,$18462,$37645,$46298,654,4
386,48,64,1971,11,Male,3034 Third Boulevard,42.26,-71.8,$24506,$49967,$62509,655,1
886,20,67,1999,11,Male,189 Ninth Lane,40.17,-74.91,$31656,$64548,$14864,726,1
297,20,66,1999,9,Male,354 Main Drive,37.91,-76.47,$13938,$28421,$77772,738,1
1860,33,65,1986,6,Female,689 Littlewood Lane,34.48,-87.28,$17271,$35213,$87653,719,3
581,48,67,1971,3,Male,1813 Second Lane,29.99,-90.24,$14696,$29962,$55000,684,3
1910,49,59,1970,5,Male,710 North Lane,27.48,-82.57,$17590,$35868,$48465,562,4
731,31,73,1988,7,Male,5558 Littlewood Avenue,40.32,-118.2,$18734,$38193,$39874,703,3
21,48,66,1972,2,Male,819 Park Boulevard,39.47,-87.38,$21131,$43084,$0,850,3
273,42,72,1977,4,Female,849 Norfolk Lane,41.16,-80.56,$18351,$37415,$66403,665,1
63,40,64,1979,12,Male,390 Tenth Street,40.72,-74.17,$17370,$35418,$51741,660,6
786,18,62,2002,2,Male,4279 West Boulevard,34.9,-79.01,$15331,$31259,$40701,798,2
1886,26,66,1993,12,Male,6693 George Drive,47.44,-122.28,$20233,$41255,$85439,683,2
103,41,71,1978,3,Female,8 Tenth Drive,35.82,-78.65,$17056,$34774,$78060,850,5
1193,90,75,1929,11,Female,6245 River Lane,41.69,-73.92,$27934,$51717,$418,717,5
585,52,62,1967,9,Male,5581 Federal Street,30.11,-97.3,$20346,$41483,$64715,584,1
1532,28,65,1991,3,Female,99 El Camino Drive,39.53,-79.01,$17079,$34825,$65082,759,1
1958,51,72,1969,2,Male,2994 Tenth Lane,35.05,-78.87,$18316,$37346,$64030,680,5
744,58,67,1961,10,Female,927 Ocean View Drive,25.77,-80.2,$21923,$44699,$21685,842,5
1836,35,73,1984,10,Male,356 Mill Street,28.92,-81.92,$8491,$17316,$26872,748,1
477,57,67,1962,3,Male,45 Maple Lane,44.75,-68.67,$24259,$49467,$77465,697,5
1713,18,68,2001,11,Female,3395 Spruce Drive,39.1,-94.62,$16795,$34242,$0,837,1
1506,25,63,1994,10,Male,2800 Third Drive,33.52,-86.79,$34578,$70502,$90003,614,2
357,59,67,1960,9,Female,645 Catherine Lane,42.35,-71.06,$39312,$80156,$61817,735,4
535,51,63,1968,12,Female,1248 Second Drive,41.53,-72.79,$24393,$49737,$136056,643,1
778,60,60,1959,12,Male,700 Lexington Avenue,40.52,-81.47,$18794,$31003,$23000,699,3
950,23,66,1996,9,Female,9264 Norfolk Lane,28.5,-81.37,$14405,$29376,$51428,629,1
1080,56,63,1963,11,Female,4581 Eighth Boulevard,32.19,-83.17,$14425,$29413,$46043,703,2
1197,28,64,1992,1,Female,146 Lafayette Drive,45.79,-122.69,$27308,$55684,$114269,722,3
711,39,60,1980,10,Male,6757 Eighth Avenue,39.01,-89.78,$20056,$40894,$51844,657,1
1731,64,66,1956,1,Female,599 First Drive,34.14,-117.45,$23172,$47242,$62224,704,6
451,65,67,1954,12,Male,654 Birch Lane,41.26,-96.01,$14199,$28951,$56777,711,2
1290,53,68,1966,6,Male,6223 Lexington Drive,33.1,-96.66,$32580,$66428,$197102,669,2
1817,52,64,1968,2,Female,25622 Lake Street,29.55,-95.27,$36253,$73920,$166395,683,1
56,22,73,1998,2,Female,5762 River Lane,40.76,-111.84,$10539,$21490,$32587,682,2
1383,68,64,1951,4,Female,315 Norfolk Lane,42.39,-71.1,$31849,$59938,$36978,670,1
1915,54,65,1965,6,Male,758 Sixth Boulevard,41.32,-74.18,$25534,$52062,$97881,775,4
1882,58,65,1961,10,Male,860 Maple Avenue,37.59,-122.06,$29097,$59322,$145137,694,3
1467,26,69,1993,9,Female,229 Norfolk Street,42.58,-83.14,$26120,$53254,$131334,736,1
1791,61,67,1958,11,Male,4975 Madison Boulevard,39.77,-86.14,$16045,$32716,$46919,593,3
447,79,68,1940,3,Male,5336 Tenth Drive,43.22,-86.25,$19131,$30977,$21507,796,5
1640,67,71,1952,10,Female,311 Washington Lane,41.89,-84.04,$17144,$34954,$5942,729,3
636,47,69,1973,2,Female,1342 Hill Lane,41.83,-87.68,$11951,$24372,$63295,793,4
782,51,66,1968,7,Female,2554 11th Lane,41.28,-84.36,$18229,$37169,$93844,722,3
316,36,69,1983,8,Male,995 Martin Luther King Street,29.76,-95.38,$19554,$39871,$73726,719,4
1192,44,68,1976,2,Female,1450 Rose Drive,44.22,-93.44,$19630,$40026,$70877,768,1
787,19,67,2000,3,Female,762 Lake Drive,29.61,-95.61,$35183,$71740,$38238,767,2
251,21,66,1998,8,Male,72834 Grant Boulevard,40.7,-73.61,$20152,$41087,$22720,695,2
1351,18,55,2001,12,Female,892 Third Boulevard,61.14,-149.76,$28730,$58579,$94998,808,1
490,86,68,1933,9,Male,90 Lexington Drive,29.45,-98.5,$29557,$33426,$1852,699,4
1935,23,65,1997,2,Female,98 Mountain View Drive,30.21,-92.02,$22001,$44862,$78350,750,3
387,34,65,1985,10,Male,8229 Bayview Avenue,41.4,-82.23,$22261,$45388,$64749,723,1
869,73,68,1946,9,Male,9355 Ocean View Drive,33.85,-84.22,$22682,$34220,$0,745,5
1865,19,66,2000,9,Male,616 Catherine Avenue,40.04,-75.42,$58297,$118862,$276156,782,1
268,20,62,1999,9,Female,825 Norfolk Drive,43.02,-78.75,$29558,$60265,$80939,582,3
1124,45,66,1974,3,Male,8385 Mill Boulevard,37.62,-83.41,$11644,$23740,$4313,841,3
721,39,67,1980,5,Male,9735 Birch Street,25.77,-80.2,$18828,$38386,$74820,850,6
813,46,70,1973,6,Male,285 Washington Street,41.99,-71.5,$19065,$38872,$86648,585,1
152,37,68,1982,3,Female,49 Tenth Street,33.72,-84.32,$24196,$49335,$51520,773,3
